{
  "C_PV": 50.0,
  "C_bat": 20.988856313356553,
  "C_HP": 96.51527273882061,
  "tes_type": "WTES (stratified water)",
  "y_ltes": 0,
  "y_wtes": 1,
  "C_ltes": 0.0,
  "h_wtes": 22.76663652383832,
  "C_LTES": 0.0,
  "C_WTES": 404.48942131650466,
  "V_ltes": 0.0,
  "V_wtes": 17.88087451255988,
  "mass_pcm": 0.0,
  "mass_water": 17376.63385130569,
  "C_TES": 404.48942131650466,
  "V_tes": 17.88087451255988,
  "P_peak_m": [
    63.66565519205262,
    84.3856919607035,
    47.37023672388202,
    41.7516762922702,
    25.50964157887983,
    15.740571843321723,
    21.310391615387754,
    24.54043945978241,
    34.58220132560516,
    46.452071843321725,
    56.435963960436546,
    61.93275846391367
  ],
  "obj": 49563.741348651056,
  "P_peak_annual": 84.3856919607035
}