{
  "C_PV": 32.55729640680605,
  "C_bat": 5.310499999999995,
  "C_HP": 48.52630615122166,
  "tes_type": "WTES (stratified water)",
  "y_ltes": 0,
  "y_wtes": 1,
  "C_ltes": 0.0,
  "h_wtes": 20.0,
  "C_LTES": 0.0,
  "C_WTES": 355.3352476049547,
  "V_ltes": 0.0,
  "V_wtes": 15.707963267948966,
  "mass_pcm": 0.0,
  "mass_water": 15264.998703792804,
  "C_TES": 355.3352476049547,
  "V_tes": 15.707963267948966,
  "P_peak_m": [
    63.32109696312341,
    67.71576264970352,
    48.914395551305844,
    41.09556492428714,
    33.42878783256342,
    23.57975,
    34.234302085411855,
    34.7056527807795,
    42.718816061426466,
    54.67551276015807,
    58.977149816481024,
    60.334560907130715
  ],
  "obj": 48365.65806320038,
  "P_peak_annual": 67.71576264970352
}